>,,,
>,,,
>,,,dt=24July2022
>,,,
>,,,
>,,,
>,,,
>,,,
>,,,
>,,,
>,,,
Symbol,Comp,MI,
AAPL,Apple Inc.,1,
MSFT,Microsoft Corporation,2,
AMZN,Amazon.com Inc.,3,
GOOGL,Alphabet Inc. Class A,4,
TSLA,Tesla Inc,5,
GOOG,Alphabet Inc. Class C,6,
BRK.B,Berkshire Hathaway Inc. Class B,7,
UNH,UnitedHealth Group Incorporated,8,
NVDA,NVIDIA Corporation,9,
JNJ,Johnson & Johnson,10,
META,Meta Platforms Inc. Class A,11,
XOM,Exxon Mobil Corporation,12,
V,Visa Inc. Class A,13,
JPM,JPMorgan Chase & Co.,14,
PG,Procter & Gamble Company,15,
HD,Home Depot Inc.,16,
MA,Mastercard Incorporated Class A,17,
PFE,Pfizer Inc.,18,
CVX,Chevron Corporation,19,
ABBV,AbbVie Inc.,20,
LLY,Eli Lilly and Company,21,
KO,Coca-Cola Company,22,
BAC,Bank of America Corp,23,
COST,Costco Wholesale Corporation,24,
PEP,PepsiCo Inc.,25,
MRK,Merck & Co. Inc.,26,
TMO,Thermo Fisher Scientific Inc.,27,
AVGO,Broadcom Inc.,28,
VZ,Verizon Communications Inc.,29,
ABT,Abbott Laboratories,30,
ADBE,Adobe Incorporated,31,
DIS,Walt Disney Company,32,
CMCSA,Comcast Corporation Class A,33,
MCD,McDonald's Corporation,34,
WMT,Walmart Inc.,35,
CSCO,Cisco Systems Inc.,36,
CRM,Salesforce Inc.,37,
ACN,Accenture Plc Class A,38,
DHR,Danaher Corporation,39,
QCOM,Qualcomm Incorporated,40,
INTC,Intel Corporation,41,
WFC,Wells Fargo & Company,42,
BMY,Bristol-Myers Squibb Company,43,
NEE,NextEra Energy Inc.,44,
TXN,Texas Instruments Incorporated,45,
AMD,Advanced Micro Devices Inc.,46,
PM,Philip Morris International Inc.,47,
LIN,Linde plc,48,
NKE,NIKE Inc. Class B,49,
RTX,Raytheon Technologies Corporation,50,
UPS,United Parcel Service Inc. Class B,51,
T,AT&T Inc.,52,
UNP,Union Pacific Corporation,53,
AMGN,Amgen Inc.,54,
LOW,Lowe's Companies Inc.,55,
SPGI,S&P Global Inc.,56,
INTU,Intuit Inc.,57,
HON,Honeywell International Inc.,58,
CVS,CVS Health Corporation,59,
MDT,Medtronic Plc,60,
AMT,American Tower Corporation,61,
ORCL,Oracle Corporation,62,
MS,Morgan Stanley,63,
COP,ConocoPhillips,64,
IBM,International Business Machines Corporation,65,
GS,Goldman Sachs Group Inc.,66,
ELV,Elevance Health Inc.,67,
C,Citigroup Inc.,68,
NFLX,Netflix Inc.,69,
CAT,Caterpillar Inc.,70,
PYPL,PayPal Holdings Inc.,71,
SBUX,Starbucks Corporation,72,
SCHW,Charles Schwab Corp,73,
LMT,Lockheed Martin Corporation,74,
PLD,Prologis Inc.,75,
NOW,ServiceNow Inc.,76,
AMAT,Applied Materials Inc.,77,
AXP,American Express Company,78,
ADP,Automatic Data Processing Inc.,79,
BLK,BlackRock Inc.,80,
BA,Boeing Company,81,
DE,Deere & Company,82,
ADI,Analog Devices Inc.,83,
ZTS,Zoetis Inc. Class A,84,
MDLZ,Mondelez International Inc. Class A,85,
CI,Cigna Corporation,86,
ISRG,Intuitive Surgical Inc.,87,
DUK,Duke Energy Corporation,88,
MMC,Marsh & McLennan Companies Inc.,89,
TMUS,T-Mobile US Inc.,90,
CB,Chubb Limited,91,
MO,Altria Group Inc,92,
GILD,Gilead Sciences Inc.,93,
MMM,3M Company,94,
CCI,Crown Castle International Corp,95,
SO,Southern Company,96,
TJX,TJX Companies Inc,97,
GE,General Electric Company,98,
BKNG,Booking Holdings Inc.,99,
CME,CME Group Inc. Class A,100,
TGT,Target Corporation,101,
VRTX,Vertex Pharmaceuticals Incorporated,102,
MU,Micron Technology Inc.,103,
BDX,Becton Dickinson and Company,104,
CSX,CSX Corporation,105,
SYK,Stryker Corporation,106,
PNC,PNC Financial Services Group Inc.,107,
NOC,Northrop Grumman Corp.,108,
LRCX,Lam Research Corporation,109,
PGR,Progressive Corporation,110,
EW,Edwards Lifesciences Corporation,111,
TFC,Truist Financial Corporation,112,
USB,U.S. Bancorp,113,
REGN,Regeneron Pharmaceuticals Inc.,114,
CL,Colgate-Palmolive Company,115,
ATVI,Activision Blizzard Inc.,116,
SHW,Sherwin-Williams Company,117,
HUM,Humana Inc.,118,
D,Dominion Energy Inc,119,
EL,Estee Lauder Companies Inc. Class A,120,
EOG,EOG Resources Inc.,121,
FIS,Fidelity National Information Services Inc.,122,
AON,Aon Plc Class A,123,
WM,Waste Management Inc.,124,
EQIX,Equinix Inc.,125,
MRNA,Moderna Inc.,126,
NSC,Norfolk Southern Corporation,127,
FISV,Fiserv Inc.,128,
CHTR,Charter Communications Inc. Class A,129,
DG,Dollar General Corporation,130,
ICE,Intercontinental Exchange Inc.,131,
OXY,Occidental Petroleum Corporation,132,
BSX,Boston Scientific Corporation,133,
ETN,Eaton Corp. Plc,134,
KLAC,KLA Corporation,135,
ITW,Illinois Tool Works Inc.,136,
FDX,FedEx Corporation,137,
CNC,Centene Corporation,138,
APD,Air Products and Chemicals Inc.,139,
SNPS,Synopsys Inc.,140,
GM,General Motors Company,141,
F,Ford Motor Company,142,
GD,General Dynamics Corporation,143,
EMR,Emerson Electric Co.,144,
PSA,Public Storage,145,
SRE,Sempra Energy,146,
PXD,Pioneer Natural Resources Company,147,
NXPI,NXP Semiconductors NV,148,
MCK,McKesson Corporation,149,
AEP,American Electric Power Company Inc.,150,
MCO,Moody's Corporation,151,
SLB,Schlumberger NV,152,
MPC,Marathon Petroleum Corporation,153,
CDNS,Cadence Design Systems Inc.,154,
ORLY,O'Reilly Automotive Inc.,155,
COF,Capital One Financial Corp,156,
GIS,General Mills Inc.,157,
SYY,Sysco Corporation,158,
ROP,Roper Technologies Inc.,159,
KMB,Kimberly-Clark Corporation,160,
ADSK,Autodesk Inc.,161,
LHX,L3Harris Technologies Inc,162,
IQV,IQVIA Holdings Inc,163,
O,Realty Income Corporation,164,
AZO,AutoZone Inc.,165,
VLO,Valero Energy Corporation,166,
MET,MetLife Inc.,167,
FCX,Freeport-McMoRan Inc.,168,
EXC,Exelon Corporation,169,
FTNT,Fortinet Inc.,170,
ADM,Archer-Daniels-Midland Company,171,
APH,Amphenol Corporation Class A,172,
MAR,Marriott International Inc. Class A,173,
NEM,Newmont Corporation,174,
HCA,HCA Healthcare Inc,175,
PSX,Phillips 66,176,
AIG,American International Group Inc.,177,
TEL,TE Connectivity Ltd.,178,
ECL,Ecolab Inc.,179,
STZ,Constellation Brands Inc. Class A,180,
WMB,Williams Companies Inc.,181,
CTVA,Corteva Inc,182,
PAYX,Paychex Inc.,183,
DLTR,Dollar Tree Inc.,184,
A,Agilent Technologies Inc.,185,
CMG,Chipotle Mexican Grill Inc.,186,
DOW,Dow Inc.,187,
TRV,Travelers Companies Inc.,188,
MSI,Motorola Solutions Inc.,189,
WELL,Welltower Inc,190,
XEL,Xcel Energy Inc.,191,
EA,Electronic Arts Inc.,192,
MCHP,Microchip Technology Incorporated,193,
MSCI,MSCI Inc. Class A,194,
PRU,Prudential Financial Inc.,195,
CTSH,Cognizant Technology Solutions Corporation Class A,196,
MNST,Monster Beverage Corporation,197,
JCI,Johnson Controls International plc,198,
DLR,Digital Realty Trust Inc.,199,
AJG,Arthur J. Gallagher & Co.,200,
HPQ,HP Inc.,201,
CTAS,Cintas Corporation,202,
SBAC,SBA Communications Corp. Class A,203,
YUM,Yum! Brands Inc.,204,
DVN,Devon Energy Corporation,205,
PH,Parker-Hannifin Corporation,206,
KMI,Kinder Morgan Inc Class P,207,
NUE,Nucor Corporation,208,
GPN,Global Payments Inc.,209,
SPG,Simon Property Group Inc.,210,
RMD,ResMed Inc.,211,
HLT,Hilton Worldwide Holdings Inc,212,
IDXX,IDEXX Laboratories Inc.,213,
BAX,Baxter International Inc.,214,
DXCM,DexCom Inc.,215,
AFL,Aflac Incorporated,216,
CARR,Carrier Global Corp.,217,
TT,Trane Technologies plc,218,
ILMN,Illumina Inc.,219,
BK,Bank of New York Mellon Corp,220,
ED,Consolidated Edison Inc.,221,
WBD,Warner Bros. Discovery Inc. Series A,222,
ALL,Allstate Corporation,223,
VICI,VICI Properties Inc,224,
BIIB,Biogen Inc.,225,
HSY,Hershey Company,226,
TDG,TransDigm Group Incorporated,227,
IFF,International Flavors & Fragrances Inc.,228,
OTIS,Otis Worldwide Corporation,229,
KR,Kroger Co.,230,
WEC,WEC Energy Group Inc,231,
MTB,M&T Bank Corporation,232,
TWTR,Twitter Inc.,233,
PEG,Public Service Enterprise Group Inc,234,
DD,DuPont de Nemours Inc.,235,
VRSK,Verisk Analytics Inc,236,
ROST,Ross Stores Inc.,237,
CMI,Cummins Inc.,238,
ENPH,Enphase Energy Inc.,239,
PCAR,PACCAR Inc,240,
FRC,First Republic Bank,241,
PPG,PPG Industries Inc.,242,
HES,Hess Corporation,243,
MTD,Mettler-Toledo International Inc.,244,
ES,Eversource Energy,245,
DFS,Discover Financial Services,246,
KEYS,Keysight Technologies Inc,247,
TROW,T. Rowe Price Group,248,
FAST,Fastenal Company,249,
WBA,Walgreens Boots Alliance Inc,250,
RSG,Republic Services Inc.,251,
AMP,Ameriprise Financial Inc.,252,
AVB,AvalonBay Communities Inc.,253,
APTV,Aptiv PLC,254,
KDP,Keurig Dr Pepper Inc.,255,
KHC,Kraft Heinz Company,256,
ON,ON Semiconductor Corporation,257,
AME,AMETEK Inc.,258,
CBRE,CBRE Group Inc. Class A,259,
GLW,Corning Inc,260,
WY,Weyerhaeuser Company,261,
AWK,American Water Works Company Inc.,262,
ODFL,Old Dominion Freight Line Inc.,263,
CPRT,Copart Inc.,264,
ALB,Albemarle Corporation,265,
EBAY,eBay Inc.,266,
OKE,ONEOK Inc.,267,
ROK,Rockwell Automation Inc.,268,
SIVB,SVB Financial Group,269,
HAL,Halliburton Company,270,
STT,State Street Corporation,271,
EQR,Equity Residential,272,
DHI,D.R. Horton Inc.,273,
EFX,Equifax Inc.,274,
TSN,Tyson Foods Inc. Class A,275,
LUV,Southwest Airlines Co.,276,
ANET,Arista Networks Inc.,277,
DTE,DTE Energy Company,278,
EXR,Extra Space Storage Inc.,279,
BALL,Ball Corporation,280,
BKR,Baker Hughes Company Class A,281,
FITB,Fifth Third Bancorp,282,
WST,West Pharmaceutical Services Inc.,283,
LH,Laboratory Corporation of America Holdings,284,
CDW,CDW Corp.,285,
EIX,Edison International,286,
LYB,LyondellBasell Industries NV,287,
CTRA,Coterra Energy Inc.,288,
CHD,Church & Dwight Co. Inc.,289,
TSCO,Tractor Supply Company,290,
ANSS,ANSYS Inc.,291,
WTW,Willis Towers Watson Public Limited Company,292,
ZBH,Zimmer Biomet Holdings Inc.,293,
DRE,Duke Realty Corporation,294,
AEE,Ameren Corporation,295,
ARE,Alexandria Real Estate Equities Inc.,296,
ETR,Entergy Corporation,297,
STE,STERIS Plc,298,
FE,FirstEnergy Corp.,299,
ULTA,Ulta Beauty Inc,300,
